"","stage1","stage2","stage3","stage4"
"ADCY3",0.809734554841717,0.842809028423165,-1.19270919761654,-0.459834385648337
"ADIPOR1",-0.103647673503853,-0.790927547821292,1.43813531857993,-0.54356009725479
"ADRM1",-0.652867363090334,-1.05318088837621,0.921119295916378,0.784928955550169
"AHSA1",-0.291777355432556,-1.2269602734531,1.11724621630557,0.401491412580089
"ALYREF",1.10220118261171,-1.3261763456435,0.0862347517933377,0.137740411238456
"ANAPC11",0.227683531463658,0.924884092042022,-1.42142982351976,0.268862200014085
"BATF",0.538795053160626,0.345410978032774,-1.49078814330298,0.606582112109583
"BCL3",0.716522653777519,0.520490330908687,-1.47014742017391,0.233134435487708
"BCL6",0.853313695010821,0.87838690681071,-0.84465251003573,-0.887048091785802
"BUB3",0.451988931564165,0.662754128868145,-1.48880508260213,0.37406202216982
"CASP10",-0.236520765179175,0.391357276882305,-1.25616976418403,1.1013332524809
"CASP2",0.594950904249944,0.338520467500222,-1.49039405507768,0.556922683327514
"CAT",0.791797388363725,0.433965524507094,-1.45948746280286,0.233724549932042
"CCNB1",0.473270767900915,0.688912114955187,-1.48277884610791,0.320595963251806
"CCT3",-0.723005240328616,-0.923202165111816,1.19050115366861,0.455706251771825
"CCT4",-0.422471207451726,-0.812257146871592,-0.219140261483277,1.45386861580658
"CCT7",0.285042337398463,0.960713245855877,-1.40384752168167,0.158091938427333
"CCT8",-0.578728045189837,-0.579692451810545,1.4897215024365,-0.331301005436112
"CD2AP",0.178526319541059,0.611940265335999,-1.46323112810769,0.672764543230634
"CD40",0.182947943925673,0.657733954740656,-1.46450163314145,0.623819734475121
"CDC14A",-0.230448352353985,-1.22404515841124,1.16930519079486,0.285188319970362
"CDK2",-0.194848264802178,-0.983557609222562,1.39553053206167,-0.217124658036929
"CDK5RAP3",0.360177214589527,1.15305820376348,-1.20147073948274,-0.311764678870265
"CHTOP",0.654504558299787,0.659696926612256,-1.45486667827637,0.140665193364327
"CLNS1A",0.80719122595789,0.294037289472089,-1.46045827608804,0.359229760658063
"CNOT11",0.529275835898813,0.895275052673721,-1.38446479726922,-0.0400860913033141
"CNOT8",-0.684718954266817,-0.969156075540562,1.1617846052303,0.492090424577079
"COX6A1",-0.941594891226301,1.40476535740713,-0.103581500577902,-0.359588965602932
"CPSF6",-0.203243497911151,1.09623277847401,-1.27058530530437,0.377596024741515
"CTBP1",0.326863501153447,1.11472066712946,-1.27372771726985,-0.167856451013056
"CUL4A",-1.07155661292084,-0.604094039550817,1.04146012449052,0.634190527981135
"CXCL8",-0.484927484105401,-0.864217188107526,1.41884322552055,-0.0696985533076208
"DAXX",-0.172041414132281,0.364158217969858,-1.28335282853545,1.09123602469788
"DCTN1",0.693570090931891,0.898660331859199,-1.26716259610153,-0.325067826689559
"DCTN3",0.695355430851778,0.408943493617394,-1.48475548476528,0.38045656029611
"DCTN5",0.262317081390274,0.705934623046568,-1.47510778324001,0.50685607880317
"DDX17",0.201316019379299,-1.43725076419498,0.363001929219056,0.872932815596625
"DECR1",0.429826704220858,0.427627276230749,-1.49286284918977,0.635408868738162
"DERL1",-0.568612215960759,-0.929336831637337,1.33680422984598,0.161144817752113
"DHX29",-0.827800564711981,-0.426859625566046,1.44752854325687,-0.192868352978848
"DHX9",-0.9400998086239,1.41446251864268,-0.275899198777775,-0.198463511241002
"DNAJB12",0.734738650548318,0.983854751141295,-0.947067151115956,-0.771526250573656
"DNAJB9",0.222998682964113,0.266183328852258,-1.41927575138142,0.930093739565052
"ECHS1",0.434075981159392,0.851071050734973,-1.43675695268832,0.151609920793956
"EIF1AX",-0.101262564328144,-1.32089752751027,0.369242400629777,1.05291769120863
"EIF2AK2",-0.884998898686682,-0.770981370499744,1.18241174066311,0.473568528523319
"EIF3D",0.492046073804069,0.577395343854088,-1.49717922877897,0.427737811120812
"EIF3H",-0.847350256306224,-0.522752438905545,1.41653502242126,-0.0464323272094853
"EIF3I",-0.760742932717247,1.29102034547566,-0.819187255988258,0.288909843229846
"EIF3M",0.349808736704994,-1.35927107872986,-0.00542021449497367,1.01488255651984
"EIF4A3",-1.27567395853568,0.992597920792449,-0.275198887089566,0.558274924832803
"EIF4E",0.384828241395346,1.21708007319974,-1.01020065769868,-0.591707656896407
"EIF4EBP2",0.774027442419741,0.346725309271256,-1.46939224839131,0.34863949670031
"ENO1",-0.337946405672581,1.32236743605265,-1.06343473055264,0.0790137001725722
"ERLEC1",0.371743023251543,0.0319490443874897,-1.38068078485318,0.976988717214146
"GPX1",-0.476721763968529,-1.07523315056438,1.23003031945032,0.321924595082586
"GRWD1",0.249170448572288,0.359422573963219,-1.4496210869546,0.841028064419088
"GTF2A2",-0.189340318673619,-1.20698699813777,1.21414216678278,0.182185150028605
"HCK",0.205944143536155,0.489539196474782,-1.46041634095417,0.764933000943232
"HES1",0.522742458877818,0.818731086127232,-1.43121165516503,0.0897381101599753
"HEXIM1",-0.140670443773919,-0.0812988154682646,-1.10329852368946,1.32526778293165
"HIF1A",0.787439555524159,-0.776574480623542,-0.947985453077294,0.937120378176694
"HK2",0.616338191247238,0.622437166874096,-1.47537161972764,0.236596261606303
"HSPA4",-0.13032576249467,-0.819937200249594,-0.489030935986913,1.43929389873118
"HSPA5",0.00596687065014201,1.14817581977168,-1.28968414625339,0.135541455831559
"IL10RA",-0.550012841629297,-1.12752445612456,0.936515214561458,0.741022083192395
"ISG15",0.483794847639097,0.616815484697445,-1.49365283575047,0.39304250341393
"KAT5",-0.584405168746182,-1.10203476158786,0.738457940362712,0.94798198997133
"KRR1",0.276612892039066,0.882134493347682,-1.43785382992245,0.2791064445357
"LCK",0.513621344554278,1.04265391662739,-1.24614915837449,-0.310126102807177
"LSM3",0.503728638301919,0.225169806058304,-1.46669909092558,0.737800646565351
"LSM5",-0.360993361205015,-1.24869414523893,0.8911565292492,0.718530977194749
"LSM6",-0.314608754890321,-1.05856675054468,1.33375553684473,0.0394199685902747
"LSM7",1.06965414641259,0.47593217377146,-0.306472435449914,-1.23911388473414
"MAX",0.297529968685568,0.493638669596767,-1.48067023152597,0.689501593243639
"MON1B",-0.650819175185086,-0.903593051222797,0.251917947436749,1.30249427897113
"MRPL1",0.510899462337586,0.955389563419039,-1.34601104319547,-0.120277982561153
"MRPL24",0.376517184215174,0.295387389794733,-1.46405982213917,0.792155248129268
"MRPL4",0.37739260985167,0.691750187110935,-1.48523520249217,0.416092405529563
"MT-ND3",-0.66233191224309,-0.44440034187447,1.4891536651822,-0.382421411064646
"NDUFA1",-1.16493466804918,-0.251212900951038,0.170913506286873,1.24523406271336
"NDUFA11",0.522779746747711,0.565247299358859,-1.49671898656974,0.408691940463174
"NDUFB9",-0.64182485385301,1.32774612934487,-0.886056888377473,0.200135612885608
"NDUFC1",0.542279108149809,0.976733696025016,-1.30641805230618,-0.212594751868648
"NDUFS6",-0.142093886913649,1.33465585987302,-0.102620661289373,-1.08994131167
"NDUFS7",0.487085219582562,0.541475268070742,-1.49931430023057,0.470753812577269
"NDUFV1",0.393156218303954,0.753016575488886,-1.47351357008492,0.327340776292084
"NHP2",-0.704643172776538,-0.3485763031812,-0.429250327002292,1.48246980296004
"NSMCE2",0.821057949637773,0.74598022055218,-1.30389060644554,-0.263147563744412
"NUDT2",0.16831529299259,-0.321595925683088,1.27173415085153,-1.11845351816103
"NUP107",0.62680623706415,1.00614879112396,-1.17807638664128,-0.454878641546834
"NUP153",0.142713858001054,0.304012406483363,-1.40391957598993,0.957193311505516
"NUP62",0.522312201688591,0.974074961109205,-1.3221189526861,-0.174268210111699
"PABPN1",-0.471408337308935,-1.01184875577842,1.31342854341685,0.169828549670503
"PCF11",-0.56412349528047,-1.08688376554375,1.08774004533465,0.563267215489569
"PCNA",-0.236125500563118,0.196174222203481,-1.18521363437961,1.22516491273924
"PFDN4",-0.709999121173879,-0.998421959007331,0.99510686030606,0.713314219875152
"PFKP",0.688063828425502,0.441093962498647,-1.48504226405893,0.355884473134779
"PHC1",0.00536973457554034,0.742433900871124,-1.41533302769215,0.667529392245491
"PIAS1",0.126520842802167,0.797602980512077,-1.4420668966971,0.517943073382854
"PIAS2",0.611493258295684,0.328232133181206,-1.48888128146518,0.549155889988294
"PIM1",0.689938342793092,0.655585846544686,-1.44379212291282,0.0982679335750399
"PKM",0.362522590192927,0.581849279487787,-1.49299680699965,0.548624937318934
"POLR1D",0.658821930797647,0.476810841918611,-1.48808107309106,0.352448300374801
"POLR2G",-1.16210676999007,1.10305538460181,0.49376331535415,-0.434711929965892
"POLR2I",0.261487474439506,0.532157513734888,-1.47698370836486,0.683338720190464
"POLR2K",0.208529909155818,0.954341329026058,-1.40896602530116,0.246094787119286
"PPP3CB",0.362839141118224,-0.00745420634980661,-1.36199457549474,1.00660964072633
"PRDX1",-0.17562644480436,-0.889044239756948,1.43010865953792,-0.365437974976619
"PRKCD",-0.397813560003887,-0.980882470441569,1.37096835620239,0.00772767424307005
"PRPF3",0.713218562881754,0.587059259649177,-1.45677374169934,0.156495919168404
"PSMA1",-0.551615863842071,-0.965003305144941,1.31257563430518,0.204043534681832
"PSMA2",-0.173150744189024,1.46163088386536,-0.602029621205302,-0.686450518471031
"PSMB6",-0.390681327375579,1.43398689654657,-0.170364850234504,-0.872940718936489
"PSMB7",0.639288392057435,0.18114031729274,-1.4642416085136,0.643812899163424
"PSMC6",-0.386605532877923,-1.0856596096287,1.27839498422742,0.193870158279212
"PSMD12",0.167816694963909,0.423782663715571,-1.43975136324744,0.848152004567964
"PSMD14",0.276615434254297,0.550932829782921,-1.48090553300543,0.65335726896821
"PSMD8",-1.20792146363361,1.16244174008419,0.329839793373701,-0.284360069824282
"RAB7A",-0.176460885786076,1.34970929182907,-1.06562862481563,-0.107619781227362
"RBM28",0.257528327274199,0.581259558325149,-1.47864696450716,0.639859078907815
"RBM5",0.262248652328176,0.761926398978496,-1.46765713040021,0.443482079093539
"RPL10A",-0.331507790686941,1.4738770193717,-0.751857508212673,-0.390511720472091
"RPL8",-0.572220007289172,1.32112671050033,-0.943117511283004,0.194210808071845
"RPS10-NUDT3",0.539245708011138,0.710104734959482,-1.4686322900333,0.219281847062684
"RPSA",-0.978464240827436,1.10640967322314,0.572533508274771,-0.700478940670475
"SEC11A",0.847848817794102,0.467489597448911,-1.43147418471044,0.116135769467424
"SENP6",-0.509946076278566,-1.1176689290609,1.10208329205974,0.525531713279723
"SF3B5",-0.876340954061477,-0.685976238442137,1.30127667300516,0.261040519498457
"SLC25A5",0.255979805797604,0.821682293273679,-1.45497370983942,0.377311610768136
"SLC39A6",-0.764928554862217,-0.673509549875461,1.39992350424289,0.0385146004947913
"SMG7",-0.721513907490739,-0.919547355137591,1.19954864480908,0.441512617819249
"SNRNP200",-0.978863737507742,-0.71764080790308,0.638784354010446,1.05772019140038
"SNRPA1",0.514365399106262,-1.14603121180179,-0.466004624189819,1.09767043688535
"SNRPB2",-1.00278021071584,0.860108069221935,0.860154265350999,-0.717482123857094
"SNRPN",0.364727351917136,0.672409041681063,-1.48733392956583,0.450197535967632
"SNU13",0.45773682667362,0.757699965955332,-1.46728935343785,0.251852560808893
"SOCS3",0.356618678396211,0.546795826035644,-1.49232210878872,0.588907604356861
"SOD1",-0.364498491516954,1.27616255572227,0.185644506078041,-1.09730857028336
"SOD2",-0.846546199476949,1.42782105771827,-0.485247717743424,-0.0960271404979054
"SPEN",-0.522203942550255,-1.13307047527185,1.01932398636849,0.635950431453615
"SRP68",0.675506122141554,1.01961778266759,-1.03106744263523,-0.664056462173915
"SRPRB",-0.501664729798439,-0.953803752629985,1.35199246049289,0.103476021935537
"SRSF5",0.0128407457405885,1.02314968650833,-1.35953004796182,0.323539615712902
"SRSF6",0.109381956701022,-0.1930584409559,-1.17209403541429,1.25577051966917
"SSRP1",0.880800778670244,0.643729302408318,-1.33134613733397,-0.193183943744594
"STAG2",-0.290146148063836,-1.28545550982533,0.89306015834554,0.682541499543626
"STAT3",-0.605406874394104,-1.05870870509056,0.579097256002341,1.08501832348232
"SUN2",-1.14531945539471,-0.409377967205384,1.17238730887088,0.38231011372921
"SYNE1",0.916058979783386,0.800762265196538,-1.0098671287687,-0.706954116211223
"TERF1",0.506702135278784,0.228650008960552,-1.46781259353134,0.732460449292009
"TIFA",0.59534089720116,0.758046155834514,-1.43666292856043,0.0832758755247526
"TPR",-0.775478663454272,-0.854093491937157,1.22794733237979,0.401624823011648
"TRA2B",0.331678669376362,1.23954300119409,-1.02969446791592,-0.541527202654518
"TRAF3",-0.414952515078003,-1.04834813368545,1.30530361971477,0.157997029048686
"TSC2",1.01378301848975,0.704343326818958,-0.868157131239578,-0.849969214069126
"TXNL4A",-0.464610113267465,-1.14085201408166,1.11405067712609,0.491411450223031
"UBE2I",0.167450107049067,0.616790182579774,0.676527111389399,-1.46076740101824
"UBXN7",-1.16662534411809,-0.487085017599498,0.695793150000561,0.95791721171703
"UQCRFS1P1",0.315501472235961,1.22211148510645,-1.10404932773305,-0.433563629609368
"UQCRHL",0.0165791850444309,1.13514860632833,-1.29971620087851,0.147988409505752
"UQCRQ",-0.796845091418073,1.27620500691533,-0.7971051618408,0.317745246343544
"USP4",-0.780106774627083,-0.869430867748502,0.453934512108915,1.19560313026667
"VCP",-0.454654175148244,-1.19268925209763,0.90707358802029,0.740269839225582
"VMP1",0.693228234240506,0.357766196470064,-1.48444020563751,0.433445774926935
"VPS39",-0.180313771374141,0.229663889032877,-1.23163896153538,1.18228884387665
"ZCCHC8",0.115818677631858,0.698070746225686,-1.44811599227652,0.634226568418977
"ZMIZ1",0.0283915754229081,0.722361135398232,-1.4231295448852,0.672376834064064
